,score,reason
0,0.7838455040845769,"The actual output provides a clear and detailed explanation of the personalized wealth management services offered by XYZ Bank, with specific benefits and ways to get started clearly outlined. However, the logical flow of ideas could be improved by organizing the content into more distinct sections for better coherence."
1,0.8498812918651181,"The sentences have good clarity and logical flow, with a consistent tone and style. The actual output effectively conveys the message with coherence. The different sections within the output show coherence and consistency."
2,0.8077846695361746,"The sentences in the actual output are clear and logically flow. The tone and style are consistent throughout. Overall, the sentences connect and support each other well. The actual output is effective and readable."
3,0.8693600275176575,"The content provides a comprehensive overview of XYZ Bank's investment options, including wealth management, retirement savings, savings account, and credit card offers. The information is presented clearly and consistently, supporting a unified message."
4,0.7874545458218838,"Overall, the messages demonstrate good coherence, logical flow, clarity, and organization. Specific information is presented consistently across messages with minor variations."
5,0.8529694528723901,"The text flows well, uses clear and consistent language, and provides logical connections between sentences. The coherence is high compared to other outputs."
6,0.8706113874134752,The marketing content effectively applies relevant behavioral principles and is personalized to the needs of each subsegment.
7,0.986660774071888,The actual output provides clear and logical information that is related and contributes to the overall message. The text does not contain any inconsistencies or contradictions and makes sense as a whole.
8,0.7810450786458202,"The actual output has a clear flow and logical connection between sentences. However, there is a slight inconsistency in the use of language with 'cable' instead of 'transfer' fees. The transitions between ideas and paragraphs are smooth and coherent, leading to effective communication."
9,0.8765399059713049,"The actual output presents a clear and coherent message. Content is well-structured, providing information on wealth planning services offered by Bank XYZ."
10,0.8899219559272152,"The actual output logically connects sentences, maintains consistency in tone and style, and is highly readable."
11,0.8951981344751567,"The actual output effectively conveys the benefits of XYZ Bank's Retirement Savings Plan, including the importance of starting early, tax advantages, and expert advice. The call-to-action is clear and the tone is encouraging throughout the message."
12,0.8027533004025529,The text maintains a coherent structure with clear steps on how to send money to Malaysia. The tone and style of writing are consistent throughout the output.
13,0.6908860276014409,"The actual output provides information on XYZ Bank's Investment Plan, including competitive returns, flexibility, tax advantages, convenience, and expert guidance. However, the flow of ideas and information could be improved for better coherence."
14,0.7974390919173061,The actual output provides clear information on the benefits of using XYZ Remit for sending money overseas and highlights special offers for different scenarios. The text flows logically and supports the main message effectively.
15,0.8589875740650275,"The actual output flows logically and makes sense in relation to each other. There are no inconsistencies or contradictions found. The language used is clear and coherent. The coherence of the sentences is good, contributing to the overall quality."
16,0.8062207019014906,"The actual output provides clear and logical information about XYZ Remit and the services offered. The sentences support each other well, creating a coherent message. However, there is a slight deviation in tone when mentioning other financial services, which could impact consistency."
17,0.8343543699866093,"The sentences are well-organized and logically connected, presenting information clearly and consistently. However, a minor improvement could be made in ensuring smoother transitions between the sections."
