ID,Target
dev-1,1
dev-2,1
dev-3,1
dev-4,1
dev-5,1
dev-6,1
dev-7,1
dev-8,1
dev-9,1
dev-10,1
dev-11,1
dev-12,1
dev-13,1
dev-14,1
dev-15,1
dev-16,1
dev-17,1
dev-18,1
dev-19,1
dev-20,1
dev-21,1
dev-22,1
dev-23,1
dev-24,1
dev-25,1
dev-26,1
dev-27,1
dev-28,1
dev-29,1
dev-30,1
dev-31,1
dev-32,1
dev-33,1
dev-34,1
dev-35,1
dev-36,1
dev-37,1
dev-38,1
dev-39,1
dev-40,1
dev-41,1
dev-42,1
dev-43,1
dev-44,1
dev-45,1
dev-46,1
dev-47,1
dev-48,1
dev-49,1
dev-50,1
dev-51,1
dev-52,1
dev-53,1
dev-54,1
dev-55,1
dev-56,1
dev-57,1
dev-58,1
dev-59,1
dev-60,1
dev-61,1
dev-62,1
dev-63,1
dev-64,1
dev-65,1
dev-66,1
dev-67,1
dev-68,1
dev-69,1
dev-70,1
dev-71,1
dev-72,1
dev-73,1
dev-74,1
dev-75,1
dev-76,1
dev-77,1
dev-78,1
dev-79,1
dev-80,1
dev-81,1
dev-82,1
dev-83,1
dev-84,1
dev-85,1
dev-86,1
dev-87,1
dev-88,1
dev-89,1
dev-90,1
dev-91,1
dev-92,1
dev-93,1
dev-94,1
dev-95,1
dev-96,1
dev-97,1
dev-98,1
dev-99,1
dev-100,1
dev-101,1
dev-102,1
dev-103,1
dev-104,1
dev-105,1
dev-106,1
dev-107,1
dev-108,1
dev-109,1
dev-110,1
dev-111,1
dev-112,1
dev-113,1
dev-114,1
dev-115,1
dev-116,1
dev-117,1
dev-118,1
dev-119,1
dev-120,1
dev-121,1
dev-122,1
dev-123,1
dev-124,1
dev-125,1
dev-126,1
dev-127,1
dev-128,1
dev-129,1
dev-130,1
dev-131,1
dev-132,1
dev-133,1
dev-134,1
dev-135,1
dev-136,1
dev-137,1
dev-138,1
dev-139,1
dev-140,1
dev-141,1
dev-142,1
dev-143,1
dev-144,1
dev-145,1
dev-146,1
dev-147,1
dev-148,1
dev-149,1
dev-150,1
dev-151,1
dev-152,1
dev-153,1
dev-154,1
dev-155,1
dev-156,1
dev-157,1
dev-158,1
dev-159,1
dev-160,1
dev-161,1
dev-162,1
dev-163,1
dev-164,1
dev-165,1
dev-166,1
dev-167,1
dev-168,1
dev-169,1
dev-170,1
dev-171,1
dev-172,1
dev-173,1
dev-174,1
dev-175,1
dev-176,1
dev-177,1
dev-178,1
dev-179,1
dev-180,1
dev-181,1
dev-182,1
dev-183,1
dev-184,1
dev-185,1
dev-186,1
dev-187,1
dev-188,1
dev-189,1
dev-190,1
dev-191,1
dev-192,1
dev-193,1
dev-194,1
dev-195,1
dev-196,1
dev-197,1
dev-198,1
dev-199,1
dev-200,1
dev-201,1
dev-202,1
dev-203,1
dev-204,1
dev-205,1
dev-206,1
dev-207,1
dev-208,1
dev-209,1
dev-210,1
dev-211,1
dev-212,1
dev-213,1
dev-214,1
dev-215,1
dev-216,1
dev-217,1
dev-218,1
dev-219,1
dev-220,1
dev-221,1
dev-222,1
dev-223,1
dev-224,1
dev-225,1
dev-226,1
dev-227,1
dev-228,1
dev-229,1
dev-230,1
dev-231,1
dev-232,1
dev-233,1
dev-234,1
dev-235,1
dev-236,1
dev-237,1
dev-238,1
dev-239,1
dev-240,1
dev-241,1
dev-242,1
dev-243,1
dev-244,1
dev-245,1
dev-246,1
dev-247,1
dev-248,1
dev-249,1
dev-250,1
dev-251,1
dev-252,1
dev-253,1
dev-254,1
dev-255,1
dev-256,1
dev-257,1
dev-258,1
dev-259,1
dev-260,1
dev-261,1
dev-262,1
dev-263,1
dev-264,1
dev-265,1
dev-266,1
dev-267,1
dev-268,1
dev-269,1
dev-270,1
dev-271,1
dev-272,1
dev-273,1
dev-274,1
dev-275,1
dev-276,1
dev-277,1
dev-278,1
dev-279,1
dev-280,1
dev-281,1
dev-282,1
dev-283,1
dev-284,1
dev-285,1
dev-286,1
dev-287,1
dev-288,1
dev-289,1
dev-290,1
dev-291,1
dev-292,1
dev-293,1
dev-294,1
dev-295,1
dev-296,1
dev-297,1
dev-298,1
dev-299,1
dev-300,1
dev-301,1
dev-302,1
dev-303,1
dev-304,1
dev-305,1
dev-306,1
dev-307,1
dev-308,1
dev-309,1
dev-310,1
dev-311,1
dev-312,1
dev-313,1
dev-314,1
dev-315,1
dev-316,1
dev-317,1
dev-318,1
dev-319,1
dev-320,1
dev-321,1
dev-322,1
dev-323,1
dev-324,1
dev-325,1
dev-326,1
dev-327,1
dev-328,1
dev-329,1
dev-330,1
dev-331,1
dev-332,1
dev-333,1
dev-334,1
dev-335,1
dev-336,1
dev-337,1
dev-338,1
dev-339,1
dev-340,1
dev-341,1
dev-342,1
dev-343,1
dev-344,1
dev-345,1
dev-346,1
dev-347,1
dev-348,1
dev-349,1
dev-350,1
dev-351,1
dev-352,1
dev-353,1
dev-354,1
dev-355,1
dev-356,1
dev-357,1
dev-358,1
dev-359,1
dev-360,1
dev-361,1
dev-362,1
dev-363,1
dev-364,1
dev-365,1
dev-366,1
dev-367,1
dev-368,1
dev-369,1
dev-370,1
dev-371,1
dev-372,1
dev-373,1
dev-374,1
dev-375,1
dev-376,1
dev-377,1
dev-378,1
dev-379,1
dev-380,1
dev-381,1
dev-382,1
dev-383,1
dev-384,1
dev-385,1
dev-386,1
dev-387,1
dev-388,1
dev-389,1
dev-390,1
dev-391,1
dev-392,1
dev-393,1
dev-394,1
dev-395,1
dev-396,1
dev-397,1
dev-398,1
dev-399,1
dev-400,1
dev-401,1
dev-402,1
dev-403,1
dev-404,1
dev-405,1
dev-406,1
dev-407,1
dev-408,1
dev-409,1
dev-410,1
dev-411,1
dev-412,1
dev-413,1
dev-414,1
dev-415,1
dev-416,1
dev-417,1
dev-418,1
dev-419,1
dev-420,1
dev-421,1
dev-422,1
dev-423,1
dev-424,1
dev-425,1
dev-426,1
dev-427,1
dev-428,1
dev-429,1
dev-430,1
dev-431,1
dev-432,1
dev-433,1
dev-434,1
dev-435,1
dev-436,1
dev-437,1
dev-438,1
dev-439,1
dev-440,1
dev-441,1
dev-442,1
dev-443,1
dev-444,1
dev-445,1
dev-446,1
dev-447,1
dev-448,1
dev-449,1
dev-450,1
dev-451,1
dev-452,1
dev-453,1
dev-454,1
dev-455,1
dev-456,1
dev-457,1
dev-458,1
dev-459,1
dev-460,1
dev-461,1
dev-462,1
dev-463,1
dev-464,1
dev-465,1
dev-466,1
dev-467,1
dev-468,1
dev-469,1
dev-470,1
dev-471,1
dev-472,1
dev-473,1
dev-474,1
dev-475,1
dev-476,1
dev-477,1
dev-478,1
dev-479,1
dev-480,1
dev-481,1
dev-482,1
dev-483,1
dev-484,1
dev-485,1
dev-486,1
dev-487,1
dev-488,1
dev-489,1
dev-490,1
dev-491,1
dev-492,1
dev-493,1
dev-494,1
dev-495,1
dev-496,1
dev-497,1
dev-498,1
dev-499,1
dev-500,1
dev-501,1
dev-502,1
dev-503,1
dev-504,1
dev-505,1
dev-506,1
dev-507,1
dev-508,1
dev-509,1
dev-510,1
dev-511,1
dev-512,1
dev-513,1
dev-514,1
dev-515,1
dev-516,1
dev-517,1
dev-518,1
dev-519,1
dev-520,1
dev-521,1
dev-522,1
dev-523,1
dev-524,1
dev-525,1
dev-526,1
dev-527,1
dev-528,1
dev-529,1
dev-530,1
dev-531,1
dev-532,1
dev-533,1
dev-534,1
dev-535,1
dev-536,1
dev-537,1
dev-538,1
dev-539,1
dev-540,1
dev-541,1
dev-542,1
dev-543,1
dev-544,1
dev-545,1
dev-546,1
dev-547,1
dev-548,1
dev-549,1
dev-550,1
dev-551,1
dev-552,1
dev-553,1
dev-554,1
dev-555,1
dev-556,1
dev-557,1
dev-558,1
dev-559,1
dev-560,1
dev-561,1
dev-562,1
dev-563,1
dev-564,1
dev-565,1
dev-566,1
dev-567,1
dev-568,1
dev-569,1
dev-570,1
dev-571,1
dev-572,1
dev-573,1
dev-574,1
dev-575,1
dev-576,1
dev-577,1
dev-578,1
dev-579,1
dev-580,1
dev-581,1
dev-582,1
dev-583,1
dev-584,1
dev-585,1
dev-586,1
dev-587,1
dev-588,1
dev-589,1
dev-590,1
dev-591,1
dev-592,1
dev-593,1
dev-594,1
dev-595,1
dev-596,1
dev-597,1
dev-598,1
dev-599,1
dev-600,1
dev-601,1
dev-602,1
dev-603,1
dev-604,1
dev-605,1
dev-606,1
dev-607,1
dev-608,1
dev-609,1
dev-610,1
dev-611,1
dev-612,1
dev-613,1
dev-614,1
dev-615,1
dev-616,1
dev-617,1
dev-618,1
dev-619,1
dev-620,1
dev-621,1
dev-622,1
dev-623,1
dev-624,1
dev-625,1
dev-626,1
dev-627,1
dev-628,1
dev-629,1
dev-630,1
dev-631,1
dev-632,1
dev-633,1
dev-634,1
dev-635,1
dev-636,1
dev-637,1
dev-638,1
dev-639,1
dev-640,1
dev-641,1
dev-642,1
dev-643,1
dev-644,1
dev-645,1
dev-646,1
dev-647,1
dev-648,1
dev-649,1
dev-650,1
dev-651,1
dev-652,1
dev-653,1
dev-654,1
dev-655,1
dev-656,1
dev-657,1
dev-658,1
dev-659,1
dev-660,1
dev-661,1
dev-662,1
dev-663,1
dev-664,1
dev-665,1
dev-666,1
dev-667,1
dev-668,1
dev-669,1
dev-670,1
dev-671,1
dev-672,1
dev-673,1
dev-674,1
dev-675,1
dev-676,1
dev-677,1
dev-678,1
dev-679,1
dev-680,1
dev-681,1
dev-682,1
dev-683,1
dev-684,1
dev-685,1
dev-686,1
dev-687,1
dev-688,1
dev-689,1
dev-690,1
dev-691,1
dev-692,1
dev-693,1
dev-694,1
dev-695,1
dev-696,1
dev-697,1
dev-698,1
dev-699,1
dev-700,1
dev-701,1
dev-702,1
dev-703,1
dev-704,1
dev-705,1
dev-706,1
dev-707,1
dev-708,1
dev-709,1
dev-710,1
dev-711,1
dev-712,1
dev-713,1
dev-714,1
dev-715,1
dev-716,1
dev-717,1
dev-718,1
dev-719,1
dev-720,1
dev-721,1
dev-722,1
dev-723,1
dev-724,1
dev-725,1
dev-726,1
dev-727,1
dev-728,1
dev-729,1
dev-730,1
dev-731,1
dev-732,1
dev-733,1
dev-734,1
dev-735,1
dev-736,1
dev-737,1
dev-738,1
dev-739,1
dev-740,1
dev-741,1
dev-742,1
dev-743,1
dev-744,1
dev-745,1
dev-746,1
dev-747,1
dev-748,1
dev-749,1
dev-750,1
dev-751,1
dev-752,1
dev-753,1
dev-754,1
dev-755,1
dev-756,1
dev-757,1
dev-758,1
dev-759,1
dev-760,1
dev-761,1
dev-762,1
dev-763,1
dev-764,1
dev-765,1
dev-766,1
dev-767,1
dev-768,1
dev-769,1
dev-770,1
dev-771,1
dev-772,1
dev-773,1
dev-774,1
dev-775,1
dev-776,1
dev-777,1
dev-778,1
dev-779,1
dev-780,1
dev-781,1
dev-782,1
dev-783,1
dev-784,1
dev-785,1
dev-786,1
dev-787,1
dev-788,1
dev-789,1
dev-790,1
dev-791,1
dev-792,1
dev-793,1
dev-794,1
dev-795,1
dev-796,1
dev-797,1
dev-798,1
dev-799,1
dev-800,1
dev-801,1
dev-802,1
dev-803,1
dev-804,1
dev-805,1
dev-806,1
dev-807,1
dev-808,1
dev-809,1
dev-810,1
dev-811,1
dev-812,1
dev-813,1
dev-814,1
dev-815,1
dev-816,1
dev-817,1
dev-818,1
dev-819,1
dev-820,1
dev-821,1
dev-822,1
dev-823,1
dev-824,1
dev-825,1
dev-826,1
dev-827,1
dev-828,1
dev-829,1
dev-830,1
dev-831,1
dev-832,1
dev-833,1
dev-834,1
dev-835,1
dev-836,1
dev-837,1
dev-838,1
dev-839,1
dev-840,1
dev-841,1
dev-842,1
dev-843,1
dev-844,1
dev-845,1
dev-846,1
dev-847,1
dev-848,1
dev-849,1
dev-850,1
dev-851,1
dev-852,1
dev-853,1
dev-854,1
dev-855,1
dev-856,1
dev-857,1
dev-858,1
dev-859,1
dev-860,1
dev-861,1
dev-862,1
dev-863,1
dev-864,1
dev-865,1
dev-866,1
dev-867,1
dev-868,1
dev-869,1
dev-870,1
dev-871,1
dev-872,1
dev-873,1
dev-874,1
dev-875,1
dev-876,1
dev-877,1
dev-878,1
dev-879,1
dev-880,1
dev-881,1
dev-882,1
dev-883,1
dev-884,1
dev-885,1
dev-886,1
dev-887,1
dev-888,1
dev-889,1
dev-890,1
dev-891,1
dev-892,1
dev-893,1
dev-894,1
dev-895,1
dev-896,1
dev-897,1
dev-898,1
dev-899,1
dev-900,1
dev-901,1
dev-902,1
dev-903,1
dev-904,1
dev-905,1
dev-906,1
dev-907,1
dev-908,1
dev-909,1
dev-910,1
dev-911,1
dev-912,1
dev-913,1
dev-914,1
dev-915,1
dev-916,1
dev-917,1
dev-918,1
dev-919,1
dev-920,1
dev-921,1
dev-922,1
dev-923,1
dev-924,1
dev-925,1
dev-926,1
dev-927,1
dev-928,1
dev-929,1
dev-930,1
dev-931,1
dev-932,1
dev-933,1
dev-934,1
dev-935,1
dev-936,1
dev-937,1
dev-938,1
dev-939,1
dev-940,1
dev-941,1
dev-942,1
dev-943,1
dev-944,1
dev-945,1
dev-946,1
dev-947,1
dev-948,1
dev-949,1
dev-950,1
dev-951,1
dev-952,1
dev-953,1
dev-954,1
dev-955,1
dev-956,1
dev-957,1
dev-958,1
dev-959,1
dev-960,1
dev-961,1
dev-962,1
dev-963,1
dev-964,1
dev-965,1
dev-966,1
dev-967,1
dev-968,1
dev-969,1
dev-970,1
dev-971,1
dev-972,1
dev-973,1
dev-974,1
dev-975,1
dev-976,1
dev-977,1
dev-978,1
dev-979,1
dev-980,1
dev-981,1
dev-982,1
dev-983,1
dev-984,1
dev-985,1
dev-986,1
dev-987,1
dev-988,1
dev-989,1
dev-990,1
dev-991,1
dev-992,1
dev-993,1
dev-994,1
dev-995,1
dev-996,1
dev-997,1
dev-998,1
dev-999,1
dev-1000,1
dev-1001,1
dev-1002,1
dev-1003,1
dev-1004,1
dev-1005,1
dev-1006,1
dev-1007,1
dev-1008,1
dev-1009,1
dev-1010,1
dev-1011,1
dev-1012,1
dev-1013,1
dev-1014,1
dev-1015,1
dev-1016,1
dev-1017,1
dev-1018,1
dev-1019,1
dev-1020,1
dev-1021,1
dev-1022,1
dev-1023,1
dev-1024,1
dev-1025,1
dev-1026,1
dev-1027,1
dev-1028,1
dev-1029,1
dev-1030,1
dev-1031,1
dev-1032,1
dev-1033,1
dev-1034,1
dev-1035,1
dev-1036,1
dev-1037,1
dev-1038,1
dev-1039,1
dev-1040,1
dev-1041,1
dev-1042,1
dev-1043,1
dev-1044,1
dev-1045,1
dev-1046,1
dev-1047,1
dev-1048,1
dev-1049,1
dev-1050,1
dev-1051,1
dev-1052,1
dev-1053,1
dev-1054,1
dev-1055,1
dev-1056,1
dev-1057,1
dev-1058,1
dev-1059,1
dev-1060,1
dev-1061,1
dev-1062,1
dev-1063,1
dev-1064,1
dev-1065,1
dev-1066,1
dev-1067,1
dev-1068,1
dev-1069,1
dev-1070,1
dev-1071,1
dev-1072,1
dev-1073,1
dev-1074,1
dev-1075,1
dev-1076,1
dev-1077,1
dev-1078,1
dev-1079,1
dev-1080,1
dev-1081,1
dev-1082,1
dev-1083,1
dev-1084,1
dev-1085,1
dev-1086,1
dev-1087,1
dev-1088,1
dev-1089,1
dev-1090,1
dev-1091,1
dev-1092,1
dev-1093,1
dev-1094,1
dev-1095,1
dev-1096,1
dev-1097,1
dev-1098,1
dev-1099,1
dev-1100,1
dev-1101,1
dev-1102,1
dev-1103,1
dev-1104,1
dev-1105,1
dev-1106,1
dev-1107,1
dev-1108,1
dev-1109,1
dev-1110,1
dev-1111,1
dev-1112,1
dev-1113,1
dev-1114,1
dev-1115,1
dev-1116,1
dev-1117,1
dev-1118,1
dev-1119,1
dev-1120,1
dev-1121,1
dev-1122,1
dev-1123,1
dev-1124,1
dev-1125,1
dev-1126,1
dev-1127,1
dev-1128,1
dev-1129,1
dev-1130,1
dev-1131,1
dev-1132,1
dev-1133,1
dev-1134,1
dev-1135,1
dev-1136,1
dev-1137,1
dev-1138,1
dev-1139,1
dev-1140,1
dev-1141,1
dev-1142,1
dev-1143,1
dev-1144,1
dev-1145,1
dev-1146,1
dev-1147,1
dev-1148,1
dev-1149,1
dev-1150,1
dev-1151,1
dev-1152,1
dev-1153,1
dev-1154,1
dev-1155,1
dev-1156,1
dev-1157,1
dev-1158,1
dev-1159,1
dev-1160,1
dev-1161,1
dev-1162,1
dev-1163,1
dev-1164,1
dev-1165,1
dev-1166,1
dev-1167,1
dev-1168,1
dev-1169,1
dev-1170,1
dev-1171,1
dev-1172,1
dev-1173,1
dev-1174,1
dev-1175,1
dev-1176,1
dev-1177,1
dev-1178,1
dev-1179,1
dev-1180,1
dev-1181,1
dev-1182,1
dev-1183,1
dev-1184,1
dev-1185,1
dev-1186,1
dev-1187,1
dev-1188,1
dev-1189,1
dev-1190,1
dev-1191,1
dev-1192,1
dev-1193,1
dev-1194,1
dev-1195,1
dev-1196,1
dev-1197,1
dev-1198,1
dev-1199,1
dev-1200,1
dev-1201,1
dev-1202,1
dev-1203,1
dev-1204,1
dev-1205,1
dev-1206,1
dev-1207,1
dev-1208,1
dev-1209,1
dev-1210,1
dev-1211,1
dev-1212,1
dev-1213,1
dev-1214,1
dev-1215,1
dev-1216,1
dev-1217,1
dev-1218,1
dev-1219,1
dev-1220,1
dev-1221,1
dev-1222,1
dev-1223,1
dev-1224,1
dev-1225,1
dev-1226,1
dev-1227,1
dev-1228,1
dev-1229,1
dev-1230,1
dev-1231,1
dev-1232,1
dev-1233,1
dev-1234,1
dev-1235,1
dev-1236,1
dev-1237,1
dev-1238,1
dev-1239,1
dev-1240,1
dev-1241,1
dev-1242,1
dev-1243,1
dev-1244,1
dev-1245,1
dev-1246,1
dev-1247,1
dev-1248,1
dev-1249,1
dev-1250,1
dev-1251,1
dev-1252,1
dev-1253,1
dev-1254,1
dev-1255,1
dev-1256,1
dev-1257,1
dev-1258,1
dev-1259,1
dev-1260,1
dev-1261,1
dev-1262,1
dev-1263,1
dev-1264,1
dev-1265,1
dev-1266,1
dev-1267,1
dev-1268,1
dev-1269,1
dev-1270,1
dev-1271,1
dev-1272,1
dev-1273,1
dev-1274,1
dev-1275,1
dev-1276,1
dev-1277,1
dev-1278,1
dev-1279,1
dev-1280,1
dev-1281,1
dev-1282,1
dev-1283,1
dev-1284,1
dev-1285,1
dev-1286,1
dev-1287,1
dev-1288,1
dev-1289,1
dev-1290,1
dev-1291,1
dev-1292,1
dev-1293,1
dev-1294,1
dev-1295,1
dev-1296,1
dev-1297,1
dev-1298,1
dev-1299,1
dev-1300,1
dev-1301,1
dev-1302,1
dev-1303,1
dev-1304,1
dev-1305,1
dev-1306,1
dev-1307,1
dev-1308,1
dev-1309,1
dev-1310,1
dev-1311,1
dev-1312,1
dev-1313,1
dev-1314,1
dev-1315,1
dev-1316,1
dev-1317,1
dev-1318,1
dev-1319,1
dev-1320,1
dev-1321,1
dev-1322,1
dev-1323,1
dev-1324,1
dev-1325,1
dev-1326,1
dev-1327,1
dev-1328,1
dev-1329,1
dev-1330,1
dev-1331,1
dev-1332,1
dev-1333,1
dev-1334,1
dev-1335,1
dev-1336,1
dev-1337,1
dev-1338,1
dev-1339,1
dev-1340,1
dev-1341,1
dev-1342,1
dev-1343,1
dev-1344,1
dev-1345,1
dev-1346,1
dev-1347,1
dev-1348,1
dev-1349,1
dev-1350,1
dev-1351,1
dev-1352,1
dev-1353,1
dev-1354,1
dev-1355,1
dev-1356,1
dev-1357,1
dev-1358,1
dev-1359,1
dev-1360,1
dev-1361,1
dev-1362,1
dev-1363,1
dev-1364,1
dev-1365,1
dev-1366,1
dev-1367,1
dev-1368,1
dev-1369,1
dev-1370,1
dev-1371,1
dev-1372,1
dev-1373,1
dev-1374,1
dev-1375,1
dev-1376,1
dev-1377,1
dev-1378,1
dev-1379,1
dev-1380,1
dev-1381,1
dev-1382,1
dev-1383,1
dev-1384,1
dev-1385,1
dev-1386,1
dev-1387,1
dev-1388,1
dev-1389,1
dev-1390,1
dev-1391,1
dev-1392,1
dev-1393,1
dev-1394,1
dev-1395,1
dev-1396,1
dev-1397,1
dev-1398,1
dev-1399,1
dev-1400,1
dev-1401,1
dev-1402,1
dev-1403,1
dev-1404,1
dev-1405,1
dev-1406,1
dev-1407,1
dev-1408,1
dev-1409,1
dev-1410,1
dev-1411,1
dev-1412,1
dev-1413,1
dev-1414,1
dev-1415,1
dev-1416,1
dev-1417,1
dev-1418,1
dev-1419,1
dev-1420,1
dev-1421,1
dev-1422,1
dev-1423,1
dev-1424,1
dev-1425,1
dev-1426,1
dev-1427,1
dev-1428,1
dev-1429,1
dev-1430,1
dev-1431,1
dev-1432,1
dev-1433,1
dev-1434,1
dev-1435,1
dev-1436,1
dev-1437,1
dev-1438,1
dev-1439,1
dev-1440,1
dev-1441,1
dev-1442,1
dev-1443,1
dev-1444,1
dev-1445,1
dev-1446,1
dev-1447,1
dev-1448,1
dev-1449,1
dev-1450,1
dev-1451,1
dev-1452,1
dev-1453,1
dev-1454,1
dev-1455,1
dev-1456,1
dev-1457,1
dev-1458,1
dev-1459,1
dev-1460,1
dev-1461,1
dev-1462,1
dev-1463,1
dev-1464,1
dev-1465,1
dev-1466,1
dev-1467,1
dev-1468,1
dev-1469,1
dev-1470,1
dev-1471,1
dev-1472,1
dev-1473,1
dev-1474,1
dev-1475,1
dev-1476,1
dev-1477,1
dev-1478,1
dev-1479,1
dev-1480,1
dev-1481,1
dev-1482,1
dev-1483,1
dev-1484,1
dev-1485,1
dev-1486,1
dev-1487,1
dev-1488,1
dev-1489,1
dev-1490,1
dev-1491,1
dev-1492,1
dev-1493,1
dev-1494,1
dev-1495,1
dev-1496,1
dev-1497,1
dev-1498,1
dev-1499,1
dev-1500,1
dev-1501,1
dev-1502,1
dev-1503,1
dev-1504,1
dev-1505,1
dev-1506,1
dev-1507,1
dev-1508,1
dev-1509,1
dev-1510,1
dev-1511,1
dev-1512,1
dev-1513,1
dev-1514,1
dev-1515,1
dev-1516,1
dev-1517,1
dev-1518,1
dev-1519,1
dev-1520,1
dev-1521,1
dev-1522,1
dev-1523,1
dev-1524,1
dev-1525,1
dev-1526,1
dev-1527,1
dev-1528,1
dev-1529,1
dev-1530,1
dev-1531,1
dev-1532,1
dev-1533,1
dev-1534,1
dev-1535,1
dev-1536,1
dev-1537,1
dev-1538,1
dev-1539,1
dev-1540,1
dev-1541,1
dev-1542,1
dev-1543,1
dev-1544,1
dev-1545,1
dev-1546,1
dev-1547,1
dev-1548,1
dev-1549,1
dev-1550,1
dev-1551,1
dev-1552,1
dev-1553,1
dev-1554,1
dev-1555,1
dev-1556,1
dev-1557,1
dev-1558,1
dev-1559,1
dev-1560,1
dev-1561,1
dev-1562,1
dev-1563,1
dev-1564,1
dev-1565,1
dev-1566,1
dev-1567,1
dev-1568,1
dev-1569,1
dev-1570,1
dev-1571,1
dev-1572,1
dev-1573,1
dev-1574,1
dev-1575,1
dev-1576,1
dev-1577,1
dev-1578,1
dev-1579,1
dev-1580,1
dev-1581,1
dev-1582,1
dev-1583,1
dev-1584,1
dev-1585,1
dev-1586,1
dev-1587,1
dev-1588,1
dev-1589,1
dev-1590,1
dev-1591,1
dev-1592,1
dev-1593,1
dev-1594,1
dev-1595,1
dev-1596,1
dev-1597,1
dev-1598,1
dev-1599,1
dev-1600,1
dev-1601,1
dev-1602,1
dev-1603,1
dev-1604,1
dev-1605,1
dev-1606,1
dev-1607,1
dev-1608,1
dev-1609,1
dev-1610,1
dev-1611,1
dev-1612,1
dev-1613,1
dev-1614,1
dev-1615,1
dev-1616,1
dev-1617,1
dev-1618,1
dev-1619,1
dev-1620,1
dev-1621,1
dev-1622,1
dev-1623,1
dev-1624,1
dev-1625,1
dev-1626,1
dev-1627,1
dev-1628,1
dev-1629,1
dev-1630,1
dev-1631,1
dev-1632,1
dev-1633,1
dev-1634,1
dev-1635,1
dev-1636,1
dev-1637,1
dev-1638,1
dev-1639,1
dev-1640,1
dev-1641,1
dev-1642,1
dev-1643,1
dev-1644,1
dev-1645,1
dev-1646,1
dev-1647,1
dev-1648,1
dev-1649,1
dev-1650,1
dev-1651,1
dev-1652,1
dev-1653,1
dev-1654,1
dev-1655,1
dev-1656,1
dev-1657,1
dev-1658,1
dev-1659,1
dev-1660,1
dev-1661,1
dev-1662,1
dev-1663,1
dev-1664,1
dev-1665,1
dev-1666,1
dev-1667,1
dev-1668,1
dev-1669,1
dev-1670,1
dev-1671,1
dev-1672,1
dev-1673,1
dev-1674,1
dev-1675,1
dev-1676,1
dev-1677,1
dev-1678,1
dev-1679,1
dev-1680,1
dev-1681,1
dev-1682,1
dev-1683,1
dev-1684,1
dev-1685,1
dev-1686,1
dev-1687,1
dev-1688,1
dev-1689,1
dev-1690,1
dev-1691,1
dev-1692,1
dev-1693,1
dev-1694,1
dev-1695,1
dev-1696,1
dev-1697,1
dev-1698,1
dev-1699,1
dev-1700,1
dev-1701,1
dev-1702,1
dev-1703,1
dev-1704,1
dev-1705,1
dev-1706,1
dev-1707,1
dev-1708,1
dev-1709,1
dev-1710,1
dev-1711,1
dev-1712,1
dev-1713,1
dev-1714,1
dev-1715,1
dev-1716,1
dev-1717,1
dev-1718,1
dev-1719,1
dev-1720,1
dev-1721,1
dev-1722,1
dev-1723,1
dev-1724,1
dev-1725,1
dev-1726,1
dev-1727,1
dev-1728,1
dev-1729,1
dev-1730,1
dev-1731,1
dev-1732,1
dev-1733,1
dev-1734,1
dev-1735,1
dev-1736,1
dev-1737,1
dev-1738,1
dev-1739,1
dev-1740,1
dev-1741,1
dev-1742,1
dev-1743,1
dev-1744,1
dev-1745,1
dev-1746,1
dev-1747,1
dev-1748,1
dev-1749,1
dev-1750,1
dev-1751,1
dev-1752,1
dev-1753,1
dev-1754,1
dev-1755,1
dev-1756,1
dev-1757,1
dev-1758,1
dev-1759,1
dev-1760,1
dev-1761,1
dev-1762,1
dev-1763,1
dev-1764,1
dev-1765,1
dev-1766,1
dev-1767,1
dev-1768,1
dev-1769,1
dev-1770,1
dev-1771,1
dev-1772,1
dev-1773,1
dev-1774,1
dev-1775,1
dev-1776,1
dev-1777,1
dev-1778,1
dev-1779,1
dev-1780,1
dev-1781,1
dev-1782,1
dev-1783,1
dev-1784,1
dev-1785,1
dev-1786,1
dev-1787,1
dev-1788,1
dev-1789,1
dev-1790,1
dev-1791,1
dev-1792,1
dev-1793,1
dev-1794,1
dev-1795,1
dev-1796,1
dev-1797,1
dev-1798,1
dev-1799,1
dev-1800,1
dev-1801,1
dev-1802,1
dev-1803,1
dev-1804,1
dev-1805,1
dev-1806,1
dev-1807,1
dev-1808,1
dev-1809,1
dev-1810,1
dev-1811,1
dev-1812,1
dev-1813,1
dev-1814,1
dev-1815,1
dev-1816,1
dev-1817,1
dev-1818,1
dev-1819,1
dev-1820,1
dev-1821,1
dev-1822,1
dev-1823,1
dev-1824,1
dev-1825,1
dev-1826,1
dev-1827,1
dev-1828,1
dev-1829,1
dev-1830,1
dev-1831,1
dev-1832,1
dev-1833,1
dev-1834,1
dev-1835,1
dev-1836,1
dev-1837,1
dev-1838,1
dev-1839,1
dev-1840,1
dev-1841,1
dev-1842,1
dev-1843,1
dev-1844,1
dev-1845,1
dev-1846,1
dev-1847,1
dev-1848,1
dev-1849,1
dev-1850,1
dev-1851,1
dev-1852,1
dev-1853,1
dev-1854,1
dev-1855,1
dev-1856,1
dev-1857,1
dev-1858,1
dev-1859,1
dev-1860,1
dev-1861,1
dev-1862,1
dev-1863,1
dev-1864,1
dev-1865,1
dev-1866,1
dev-1867,1
dev-1868,1
dev-1869,1
dev-1870,1
dev-1871,1
dev-1872,1
dev-1873,1
dev-1874,1
dev-1875,1
dev-1876,1
dev-1877,1
dev-1878,1
dev-1879,1
dev-1880,1
dev-1881,1
dev-1882,1
dev-1883,1
dev-1884,1
dev-1885,1
dev-1886,1
dev-1887,1
dev-1888,1
dev-1889,1
dev-1890,1
dev-1891,1
dev-1892,1
dev-1893,1
dev-1894,1
dev-1895,1
dev-1896,1
dev-1897,1
dev-1898,1
dev-1899,1
dev-1900,1
dev-1901,1
dev-1902,1
dev-1903,1
dev-1904,1
dev-1905,1
dev-1906,1
dev-1907,1
dev-1908,1
dev-1909,1
dev-1910,1
dev-1911,1
dev-1912,1
dev-1913,1
dev-1914,1
dev-1915,1
dev-1916,1
dev-1917,1
dev-1918,1
dev-1919,1
dev-1920,1
dev-1921,1
dev-1922,1
dev-1923,1
dev-1924,1
dev-1925,1
dev-1926,1
dev-1927,1
dev-1928,1
dev-1929,1
dev-1930,1
dev-1931,1
dev-1932,1
dev-1933,1
dev-1934,1
dev-1935,1
dev-1936,1
dev-1937,1
dev-1938,1
dev-1939,1
dev-1940,1
dev-1941,1
dev-1942,1
dev-1943,1
dev-1944,1
dev-1945,1
dev-1946,1
dev-1947,1
dev-1948,1
dev-1949,1
dev-1950,1
dev-1951,1
dev-1952,1
dev-1953,1
dev-1954,1
dev-1955,1
dev-1956,1
dev-1957,1
dev-1958,1
dev-1959,1
dev-1960,1
dev-1961,1
dev-1962,1
dev-1963,1
dev-1964,1
dev-1965,1
dev-1966,1
dev-1967,1
dev-1968,1
dev-1969,1
dev-1970,1
dev-1971,1
dev-1972,1
dev-1973,1
dev-1974,1
dev-1975,1
dev-1976,1
dev-1977,1
dev-1978,1
dev-1979,1
dev-1980,1
dev-1981,1
dev-1982,1
dev-1983,1
dev-1984,1
dev-1985,1
dev-1986,1
dev-1987,1
dev-1988,1
dev-1989,1
dev-1990,1
dev-1991,1
dev-1992,1
dev-1993,1
dev-1994,1
dev-1995,1
dev-1996,1
dev-1997,1
dev-1998,1
dev-1999,1
dev-2000,1
dev-2001,1
dev-2002,1
dev-2003,1
dev-2004,1
dev-2005,1
dev-2006,1
dev-2007,1
dev-2008,1
dev-2009,1
dev-2010,1
dev-2011,1
dev-2012,1
dev-2013,1
dev-2014,1
dev-2015,1
dev-2016,1
dev-2017,1
dev-2018,1
dev-2019,1
dev-2020,1
dev-2021,1
dev-2022,1
dev-2023,1
dev-2024,1
dev-2025,1
dev-2026,1
dev-2027,1
dev-2028,1
dev-2029,1
dev-2030,1
dev-2031,1
dev-2032,1
dev-2033,1
dev-2034,1
dev-2035,1
dev-2036,1
dev-2037,1
dev-2038,1
dev-2039,1
dev-2040,1
dev-2041,1
dev-2042,1
dev-2043,1
dev-2044,1
dev-2045,1
dev-2046,1
dev-2047,1
dev-2048,1
dev-2049,1
dev-2050,1
dev-2051,1
dev-2052,1
dev-2053,1
dev-2054,1
dev-2055,1
dev-2056,1
dev-2057,1
dev-2058,1
dev-2059,1
dev-2060,1
dev-2061,1
dev-2062,1
dev-2063,1
dev-2064,1
dev-2065,1
dev-2066,1
dev-2067,1
dev-2068,1
dev-2069,1
dev-2070,1
dev-2071,1
dev-2072,1
dev-2073,1
dev-2074,1
dev-2075,1
dev-2076,1
dev-2077,1
dev-2078,1
dev-2079,1
dev-2080,1
dev-2081,1
dev-2082,1
dev-2083,1
dev-2084,1
dev-2085,1
dev-2086,1
dev-2087,1
dev-2088,1
dev-2089,1
dev-2090,1
dev-2091,1
dev-2092,1
dev-2093,1
dev-2094,1
dev-2095,1
dev-2096,1
dev-2097,1
dev-2098,1
dev-2099,1
dev-2100,1
dev-2101,1
dev-2102,1
dev-2103,1
dev-2104,1
dev-2105,1
dev-2106,1
dev-2107,1
dev-2108,1
dev-2109,1
dev-2110,1
dev-2111,1
dev-2112,1
dev-2113,1
dev-2114,1
dev-2115,1
dev-2116,1
dev-2117,1
dev-2118,1
dev-2119,1
dev-2120,1
dev-2121,1
dev-2122,1
dev-2123,1
dev-2124,1
dev-2125,1
dev-2126,1
dev-2127,1
dev-2128,1
dev-2129,1
dev-2130,1
dev-2131,1
test-1,1
test-2,1
test-3,1
test-4,1
test-5,1
test-6,1
test-7,1
test-8,1
test-9,1
test-10,1
test-11,1
test-12,1
test-13,1
test-14,1
test-15,1
test-16,1
test-17,1
test-18,1
test-19,1
test-20,1
test-21,1
test-22,1
test-23,1
test-24,1
test-25,1
test-26,1
test-27,1
test-28,1
test-29,1
test-30,1
test-31,1
test-32,1
test-33,1
test-34,1
test-35,1
test-36,1
test-37,1
test-38,1
test-39,1
test-40,1
test-41,1
test-42,1
test-43,1
test-44,1
test-45,1
test-46,1
test-47,1
test-48,1
test-49,1
test-50,1
test-51,1
test-52,1
test-53,1
test-54,1
test-55,1
test-56,1
test-57,1
test-58,1
test-59,1
test-60,1
test-61,1
test-62,1
test-63,1
test-64,1
test-65,1
test-66,1
test-67,1
test-68,1
test-69,1
test-70,1
test-71,1
test-72,1
test-73,1
test-74,1
test-75,1
test-76,1
test-77,1
test-78,1
test-79,1
test-80,1
test-81,1
test-82,1
test-83,1
test-84,1
test-85,1
test-86,1
test-87,1
test-88,1
test-89,1
test-90,1
test-91,1
test-92,1
test-93,1
test-94,1
test-95,1
test-96,1
test-97,1
test-98,1
test-99,1
test-100,1
test-101,1
test-102,1
test-103,1
test-104,1
test-105,1
test-106,1
test-107,1
test-108,1
test-109,1
test-110,1
test-111,1
test-112,1
test-113,1
test-114,1
test-115,1
test-116,1
test-117,1
test-118,1
test-119,1
test-120,1
test-121,1
test-122,1
test-123,1
test-124,1
test-125,1
test-126,1
test-127,1
test-128,1
test-129,1
test-130,1
test-131,1
test-132,1
test-133,1
test-134,1
test-135,1
test-136,1
test-137,1
test-138,1
test-139,1
test-140,1
test-141,1
test-142,1
test-143,1
test-144,1
test-145,1
test-146,1
test-147,1
test-148,1
test-149,1
test-150,1
test-151,1
test-152,1
test-153,1
test-154,1
test-155,1
test-156,1
test-157,1
test-158,1
test-159,1
test-160,1
test-161,1
test-162,1
test-163,1
test-164,1
test-165,1
test-166,1
test-167,1
test-168,1
test-169,1
test-170,1
test-171,1
test-172,1
test-173,1
test-174,1
test-175,1
test-176,1
test-177,1
test-178,1
test-179,1
test-180,1
test-181,1
test-182,1
test-183,1
test-184,1
test-185,1
test-186,1
test-187,1
test-188,1
test-189,1
test-190,1
test-191,1
test-192,1
test-193,1
test-194,1
test-195,1
test-196,1
test-197,1
test-198,1
test-199,1
test-200,1
test-201,1
test-202,1
test-203,1
test-204,1
test-205,1
test-206,1
test-207,1
test-208,1
test-209,1
test-210,1
test-211,1
test-212,1
test-213,1
test-214,1
test-215,1
test-216,1
test-217,1
test-218,1
test-219,1
test-220,1
test-221,1
test-222,1
test-223,1
test-224,1
test-225,1
test-226,1
test-227,1
test-228,1
test-229,1
test-230,1
test-231,1
test-232,1
test-233,1
test-234,1
test-235,1
test-236,1
test-237,1
test-238,1
test-239,1
test-240,1
test-241,1
test-242,1
test-243,1
test-244,1
test-245,1
test-246,1
test-247,1
test-248,1
test-249,1
test-250,1
test-251,1
test-252,1
test-253,1
test-254,1
test-255,1
test-256,1
test-257,1
test-258,1
test-259,1
test-260,1
test-261,1
test-262,1
test-263,1
test-264,1
test-265,1
test-266,1
test-267,1
test-268,1
test-269,1
test-270,1
test-271,1
test-272,1
test-273,1
test-274,1
test-275,1
test-276,1
test-277,1
test-278,1
test-279,1
test-280,1
test-281,1
test-282,1
test-283,1
test-284,1
test-285,1
test-286,1
test-287,1
test-288,1
test-289,1
test-290,1
test-291,1
test-292,1
test-293,1
test-294,1
test-295,1
test-296,1
test-297,1
test-298,1
test-299,1
test-300,1
test-301,1
test-302,1
test-303,1
test-304,1
test-305,1
test-306,1
test-307,1
test-308,1
test-309,1
test-310,1
test-311,1
test-312,1
test-313,1
test-314,1
test-315,1
test-316,1
test-317,1
test-318,1
test-319,1
test-320,1
test-321,1
test-322,1
test-323,1
test-324,1
test-325,1
test-326,1
test-327,1
test-328,1
test-329,1
test-330,1
test-331,1
test-332,1
test-333,1
test-334,1
test-335,1
test-336,1
test-337,1
test-338,1
test-339,1
test-340,1
test-341,1
test-342,1
test-343,1
test-344,1
test-345,1
test-346,1
test-347,1
test-348,1
test-349,1
test-350,1
test-351,1
test-352,1
test-353,1
test-354,1
test-355,1
test-356,1
test-357,1
test-358,1
test-359,1
test-360,1
test-361,1
test-362,1
test-363,1
test-364,1
test-365,1
test-366,1
test-367,1
test-368,1
test-369,1
test-370,1
test-371,1
test-372,1
test-373,1
test-374,1
test-375,1
test-376,1
test-377,1
test-378,1
test-379,1
test-380,1
test-381,1
test-382,1
test-383,1
test-384,1
test-385,1
test-386,1
test-387,1
test-388,1
test-389,1
test-390,1
test-391,1
test-392,1
test-393,1
test-394,1
test-395,1
test-396,1
test-397,1
test-398,1
test-399,1
test-400,1
test-401,1
test-402,1
test-403,1
test-404,1
test-405,1
test-406,1
test-407,1
test-408,1
test-409,1
test-410,1
test-411,1
test-412,1
test-413,1
test-414,1
test-415,1
test-416,1
test-417,1
test-418,1
test-419,1
test-420,1
test-421,1
test-422,1
test-423,1
test-424,1
test-425,1
test-426,1
test-427,1
test-428,1
test-429,1
test-430,1
test-431,1
test-432,1
test-433,1
test-434,1
test-435,1
test-436,1
test-437,1
test-438,1
test-439,1
test-440,1
test-441,1
test-442,1
test-443,1
test-444,1
test-445,1
test-446,1
test-447,1
test-448,1
test-449,1
test-450,1
test-451,1
test-452,1
test-453,1
test-454,1
test-455,1
test-456,1
test-457,1
test-458,1
test-459,1
test-460,1
test-461,1
test-462,1
test-463,1
test-464,1
test-465,1
test-466,1
test-467,1
test-468,1
test-469,1
test-470,1
test-471,1
test-472,1
test-473,1
test-474,1
test-475,1
test-476,1
test-477,1
test-478,1
test-479,1
test-480,1
test-481,1
test-482,1
test-483,1
test-484,1
test-485,1
test-486,1
test-487,1
test-488,1
test-489,1
test-490,1
test-491,1
test-492,1
test-493,1
test-494,1
test-495,1
test-496,1
test-497,1
test-498,1
test-499,1
test-500,1
test-501,1
test-502,1
test-503,1
test-504,1
test-505,1
test-506,1
test-507,1
test-508,1
test-509,1
test-510,1
test-511,1
test-512,1
test-513,1
test-514,1
test-515,1
test-516,1
test-517,1
test-518,1
test-519,1
test-520,1
test-521,1
test-522,1
test-523,1
test-524,1
test-525,1
test-526,1
test-527,1
test-528,1
test-529,1
test-530,1
test-531,1
test-532,1
test-533,1
test-534,1
test-535,1
test-536,1
test-537,1
test-538,1
test-539,1
test-540,1
test-541,1
test-542,1
test-543,1
test-544,1
test-545,1
test-546,1
test-547,1
test-548,1
test-549,1
test-550,1
test-551,1
test-552,1
test-553,1
test-554,1
test-555,1
test-556,1
test-557,1
test-558,1
test-559,1
test-560,1
test-561,1
test-562,1
test-563,1
test-564,1
test-565,1
test-566,1
test-567,1
test-568,1
test-569,1
test-570,1
test-571,1
test-572,1
test-573,1
test-574,1
test-575,1
test-576,1
test-577,1
test-578,1
test-579,1
test-580,1
test-581,1
test-582,1
test-583,1
test-584,1
test-585,1
test-586,1
test-587,1
test-588,1
test-589,1
test-590,1
test-591,1
test-592,1
test-593,1
test-594,1
test-595,1
test-596,1
test-597,1
test-598,1
test-599,1
test-600,1
test-601,1
test-602,1
test-603,1
test-604,1
test-605,1
test-606,1
test-607,1
test-608,1
test-609,1
test-610,1
test-611,1
test-612,1
test-613,1
test-614,1
test-615,1
test-616,1
test-617,1
test-618,1
test-619,1
test-620,1
test-621,1
test-622,1
test-623,1
test-624,1
test-625,1
test-626,1
test-627,1
test-628,1
test-629,1
test-630,1
test-631,1
test-632,1
test-633,1
test-634,1
test-635,1
test-636,1
test-637,1
test-638,1
test-639,1
test-640,1
test-641,1
test-642,1
test-643,1
test-644,1
test-645,1
test-646,1
test-647,1
test-648,1
test-649,1
test-650,1
test-651,1
test-652,1
test-653,1
test-654,1
test-655,1
test-656,1
test-657,1
test-658,1
test-659,1
test-660,1
test-661,1
test-662,1
test-663,1
test-664,1
test-665,1
test-666,1
test-667,1
test-668,1
test-669,1
test-670,1
test-671,1
test-672,1
test-673,1
test-674,1
test-675,1
test-676,1
test-677,1
test-678,1
test-679,1
test-680,1
test-681,1
test-682,1
test-683,1
test-684,1
test-685,1
test-686,1
test-687,1
test-688,1
test-689,1
test-690,1
test-691,1
test-692,1
test-693,1
test-694,1
test-695,1
test-696,1
test-697,1
test-698,1
test-699,1
test-700,1
test-701,1
test-702,1
test-703,1
test-704,1
test-705,1
test-706,1
test-707,1
test-708,1
test-709,1
test-710,1
test-711,1
test-712,1
test-713,1
test-714,1
test-715,1
test-716,1
test-717,1
test-718,1
test-719,1
test-720,1
test-721,1
test-722,1
test-723,1
test-724,1
test-725,1
test-726,1
test-727,1
test-728,1
test-729,1
test-730,1
test-731,1
test-732,1
test-733,1
test-734,1
test-735,1
test-736,1
test-737,1
test-738,1
test-739,1
test-740,1
test-741,1
test-742,1
test-743,1
test-744,1
test-745,1
test-746,1
test-747,1
test-748,1
test-749,1
test-750,1
test-751,1
test-752,1
test-753,1
test-754,1
test-755,1
test-756,1
test-757,1
test-758,1
test-759,1
test-760,1
test-761,1
test-762,1
test-763,1
test-764,1
test-765,1
test-766,1
test-767,1
test-768,1
test-769,1
test-770,1
test-771,1
test-772,1
test-773,1
test-774,1
test-775,1
test-776,1
test-777,1
test-778,1
test-779,1
test-780,1
test-781,1
test-782,1
test-783,1
test-784,1
test-785,1
test-786,1
test-787,1
test-788,1
test-789,1
test-790,1
test-791,1
test-792,1
test-793,1
test-794,1
test-795,1
test-796,1
test-797,1
test-798,1
test-799,1
test-800,1
test-801,1
test-802,1
test-803,1
test-804,1
test-805,1
test-806,1
test-807,1
test-808,1
test-809,1
test-810,1
test-811,1
test-812,1
test-813,1
test-814,1
test-815,1
test-816,1
test-817,1
test-818,1
test-819,1
test-820,1
test-821,1
test-822,1
test-823,1
test-824,1
test-825,1
test-826,1
test-827,1
test-828,1
test-829,1
test-830,1
test-831,1
test-832,1
test-833,1
test-834,1
test-835,1
test-836,1
test-837,1
test-838,1
test-839,1
test-840,1
test-841,1
test-842,1
test-843,1
test-844,1
test-845,1
test-846,1
test-847,1
test-848,1
test-849,1
test-850,1
test-851,1
test-852,1
test-853,1
test-854,1
test-855,1
test-856,1
test-857,1
test-858,1
test-859,1
test-860,1
test-861,1
test-862,1
test-863,1
test-864,1
test-865,1
test-866,1
test-867,1
test-868,1
test-869,1
test-870,1
test-871,1
test-872,1
test-873,1
test-874,1
test-875,1
test-876,1
test-877,1
test-878,1
test-879,1
test-880,1
test-881,1
test-882,1
test-883,1
test-884,1
test-885,1
test-886,1
test-887,1
test-888,1
test-889,1
test-890,1
test-891,1
test-892,1
test-893,1
test-894,1
test-895,1
test-896,1
test-897,1
test-898,1
test-899,1
test-900,1
test-901,1
test-902,1
test-903,1
test-904,1
test-905,1
test-906,1
test-907,1
test-908,1
test-909,1
test-910,1
test-911,1
test-912,1
test-913,1
test-914,1
test-915,1
test-916,1
test-917,1
test-918,1
test-919,1
test-920,1
test-921,1
test-922,1
test-923,1
test-924,1
test-925,1
test-926,1
test-927,1
test-928,1
test-929,1
test-930,1
test-931,1
test-932,1
test-933,1
test-934,1
test-935,1
test-936,1
test-937,1
test-938,1
test-939,1
test-940,1
test-941,1
test-942,1
test-943,1
test-944,1
test-945,1
test-946,1
test-947,1
test-948,1
test-949,1
test-950,1
test-951,1
test-952,1
test-953,1
test-954,1
test-955,1
test-956,1
test-957,1
test-958,1
test-959,1
test-960,1
test-961,1
test-962,1
test-963,1
test-964,1
test-965,1
test-966,1
test-967,1
test-968,1
test-969,1
test-970,1
test-971,1
test-972,1
test-973,1
test-974,1
test-975,1
test-976,1
test-977,1
test-978,1
test-979,1
test-980,1
test-981,1
test-982,1
test-983,1
test-984,1
test-985,1
test-986,1
test-987,1
test-988,1
test-989,1
test-990,1
test-991,1
test-992,1
test-993,1
test-994,1
test-995,1
test-996,1
test-997,1
test-998,1
test-999,1
test-1000,1
test-1001,1
test-1002,1
test-1003,1
test-1004,1
test-1005,1
test-1006,1
test-1007,1
test-1008,1
test-1009,1
test-1010,1
test-1011,1
test-1012,1
test-1013,1
test-1014,1
test-1015,1
test-1016,1
test-1017,1
test-1018,1
test-1019,1
test-1020,1
test-1021,1
test-1022,1
test-1023,1
test-1024,1
test-1025,1
test-1026,1
test-1027,1
test-1028,1
test-1029,1
test-1030,1
test-1031,1
test-1032,1
test-1033,1
test-1034,1
test-1035,1
test-1036,1
test-1037,1
test-1038,1
test-1039,1
test-1040,1
test-1041,1
test-1042,1
test-1043,1
test-1044,1
test-1045,1
test-1046,1
test-1047,1
test-1048,1
test-1049,1
test-1050,1
test-1051,1
test-1052,1
test-1053,1
test-1054,1
test-1055,1
test-1056,1
test-1057,1
test-1058,1
test-1059,1
test-1060,1
test-1061,1
test-1062,1
test-1063,1
test-1064,1
test-1065,1
test-1066,1
test-1067,1
test-1068,1
test-1069,1
test-1070,1
test-1071,1
test-1072,1
test-1073,1
test-1074,1
test-1075,1
test-1076,1
test-1077,1
test-1078,1
test-1079,1
test-1080,1
test-1081,1
test-1082,1
test-1083,1
test-1084,1
test-1085,1
test-1086,1
test-1087,1
test-1088,1
test-1089,1
test-1090,1
test-1091,1
test-1092,1
test-1093,1
test-1094,1
test-1095,1
test-1096,1
test-1097,1
test-1098,1
test-1099,1
test-1100,1
test-1101,1
test-1102,1
test-1103,1
test-1104,1
test-1105,1
test-1106,1
test-1107,1
test-1108,1
test-1109,1
test-1110,1
test-1111,1
test-1112,1
test-1113,1
test-1114,1
test-1115,1
test-1116,1
test-1117,1
test-1118,1
test-1119,1
test-1120,1
test-1121,1
test-1122,1
test-1123,1
test-1124,1
test-1125,1
test-1126,1
test-1127,1
test-1128,1
test-1129,1
test-1130,1
test-1131,1
test-1132,1
test-1133,1
test-1134,1
test-1135,1
test-1136,1
test-1137,1
test-1138,1
test-1139,1
test-1140,1
test-1141,1
test-1142,1
test-1143,1
test-1144,1
test-1145,1
test-1146,1
test-1147,1
test-1148,1
test-1149,1
test-1150,1
test-1151,1
test-1152,1
test-1153,1
test-1154,1
test-1155,1
test-1156,1
test-1157,1
test-1158,1
test-1159,1
test-1160,1
test-1161,1
test-1162,1
test-1163,1
test-1164,1
test-1165,1
test-1166,1
test-1167,1
test-1168,1
test-1169,1
test-1170,1
test-1171,1
test-1172,1
test-1173,1
test-1174,1
test-1175,1
test-1176,1
test-1177,1
test-1178,1
test-1179,1
test-1180,1
test-1181,1
test-1182,1
test-1183,1
test-1184,1
test-1185,1
test-1186,1
test-1187,1
test-1188,1
test-1189,1
test-1190,1
test-1191,1
test-1192,1
test-1193,1
test-1194,1
test-1195,1
test-1196,1
test-1197,1
test-1198,1
test-1199,1
test-1200,1
test-1201,1
test-1202,1
test-1203,1
test-1204,1
test-1205,1
test-1206,1
test-1207,1
test-1208,1
test-1209,1
test-1210,1
test-1211,1
test-1212,1
test-1213,1
test-1214,1
test-1215,1
test-1216,1
test-1217,1
test-1218,1
test-1219,1
test-1220,1
test-1221,1
test-1222,1
test-1223,1
test-1224,1
test-1225,1
test-1226,1
test-1227,1
test-1228,1
test-1229,1
test-1230,1
test-1231,1
test-1232,1
test-1233,1
test-1234,1
test-1235,1
test-1236,1
test-1237,1
test-1238,1
test-1239,1
test-1240,1
test-1241,1
test-1242,1
test-1243,1
test-1244,1
test-1245,1
test-1246,1
test-1247,1
test-1248,1
test-1249,1
test-1250,1
test-1251,1
test-1252,1
test-1253,1
test-1254,1
test-1255,1
test-1256,1
test-1257,1
test-1258,1
test-1259,1
test-1260,1
test-1261,1
test-1262,1
test-1263,1
test-1264,1
test-1265,1
test-1266,1
test-1267,1
test-1268,1
test-1269,1
test-1270,1
test-1271,1
test-1272,1
test-1273,1
test-1274,1
test-1275,1
test-1276,1
test-1277,1
test-1278,1
test-1279,1
test-1280,1
test-1281,1
test-1282,1
test-1283,1
test-1284,1
test-1285,1
test-1286,1
test-1287,1
test-1288,1
test-1289,1
test-1290,1
test-1291,1
test-1292,1
test-1293,1
test-1294,1
test-1295,1
test-1296,1
test-1297,1
test-1298,1
test-1299,1
test-1300,1
test-1301,1
test-1302,1
test-1303,1
test-1304,1
test-1305,1
test-1306,1
test-1307,1
test-1308,1
test-1309,1
test-1310,1
test-1311,1
test-1312,1
test-1313,1
test-1314,1
test-1315,1
test-1316,1
test-1317,1
test-1318,1
test-1319,1
test-1320,1
test-1321,1
test-1322,1
test-1323,1
test-1324,1
test-1325,1
test-1326,1
test-1327,1
test-1328,1
test-1329,1
test-1330,1
test-1331,1
test-1332,1
test-1333,1
test-1334,1
test-1335,1
test-1336,1
test-1337,1
test-1338,1
test-1339,1
test-1340,1
test-1341,1
test-1342,1
test-1343,1
test-1344,1
test-1345,1
test-1346,1
test-1347,1
test-1348,1
test-1349,1
test-1350,1
test-1351,1
test-1352,1
test-1353,1
test-1354,1
test-1355,1
test-1356,1
test-1357,1
test-1358,1
test-1359,1
test-1360,1
test-1361,1
test-1362,1
test-1363,1
test-1364,1
test-1365,1
test-1366,1
test-1367,1
test-1368,1
test-1369,1
test-1370,1
test-1371,1
test-1372,1
test-1373,1
test-1374,1
test-1375,1
test-1376,1
test-1377,1
test-1378,1
test-1379,1
test-1380,1
test-1381,1
test-1382,1
test-1383,1
test-1384,1
test-1385,1
test-1386,1
test-1387,1
test-1388,1
test-1389,1
test-1390,1
test-1391,1
test-1392,1
test-1393,1
test-1394,1
test-1395,1
test-1396,1
test-1397,1
test-1398,1
test-1399,1
test-1400,1
test-1401,1
test-1402,1
test-1403,1
test-1404,1
test-1405,1
test-1406,1
test-1407,1
test-1408,1
test-1409,1
test-1410,1
test-1411,1
test-1412,1
test-1413,1
test-1414,1
test-1415,1
test-1416,1
test-1417,1
test-1418,1
test-1419,1
test-1420,1
test-1421,1
test-1422,1
test-1423,1
test-1424,1
test-1425,1
test-1426,1
test-1427,1
test-1428,1
test-1429,1
test-1430,1
test-1431,1
test-1432,1
test-1433,1
test-1434,1
test-1435,1
test-1436,1
test-1437,1
test-1438,1
test-1439,1
test-1440,1
test-1441,1
test-1442,1
test-1443,1
test-1444,1
test-1445,1
test-1446,1
test-1447,1
test-1448,1
test-1449,1
test-1450,1
test-1451,1
test-1452,1
test-1453,1
test-1454,1
test-1455,1
test-1456,1
test-1457,1
test-1458,1
test-1459,1
test-1460,1
test-1461,1
test-1462,1
test-1463,1
test-1464,1
test-1465,1
test-1466,1
test-1467,1
test-1468,1
test-1469,1
test-1470,1
test-1471,1
test-1472,1
test-1473,1
test-1474,1
test-1475,1
test-1476,1
test-1477,1
test-1478,1
test-1479,1
test-1480,1
test-1481,1
test-1482,1
test-1483,1
test-1484,1
test-1485,1
test-1486,1
test-1487,1
test-1488,1
test-1489,1
test-1490,1
test-1491,1
test-1492,1
test-1493,1
test-1494,1
test-1495,1
test-1496,1
test-1497,1
test-1498,1
test-1499,1
test-1500,1
test-1501,1
test-1502,1
test-1503,1
test-1504,1
test-1505,1
test-1506,1
test-1507,1
test-1508,1
test-1509,1
test-1510,1
test-1511,1
test-1512,1
test-1513,1
test-1514,1
test-1515,1
test-1516,1
test-1517,1
test-1518,1
test-1519,1
test-1520,1
test-1521,1
test-1522,1
test-1523,1
test-1524,1
test-1525,1
test-1526,1
test-1527,1
test-1528,1
test-1529,1
test-1530,1
test-1531,1
test-1532,1
test-1533,1
test-1534,1
test-1535,1
test-1536,1
test-1537,1
test-1538,1
test-1539,1
test-1540,1
test-1541,1
test-1542,1
test-1543,1
test-1544,1
test-1545,1
test-1546,1
test-1547,1
test-1548,1
test-1549,1
test-1550,1
test-1551,1
test-1552,1
test-1553,1
test-1554,1
test-1555,1
test-1556,1
test-1557,1
test-1558,1
test-1559,1
test-1560,1
test-1561,1
test-1562,1
test-1563,1
test-1564,1
test-1565,1
test-1566,1
test-1567,1
test-1568,1
test-1569,1
test-1570,1
test-1571,1
test-1572,1
test-1573,1
test-1574,1
test-1575,1
test-1576,1
test-1577,1
test-1578,1
test-1579,1
test-1580,1
test-1581,1
test-1582,1
test-1583,1
test-1584,1
test-1585,1
test-1586,1
test-1587,1
test-1588,1
test-1589,1
test-1590,1
test-1591,1
test-1592,1
test-1593,1
test-1594,1
test-1595,1
test-1596,1
test-1597,1
test-1598,1
test-1599,1
test-1600,1
test-1601,1
test-1602,1
test-1603,1
test-1604,1
test-1605,1
test-1606,1
test-1607,1
test-1608,1
test-1609,1
test-1610,1
test-1611,1
test-1612,1
test-1613,1
test-1614,1
test-1615,1
test-1616,1
test-1617,1
test-1618,1
test-1619,1
test-1620,1
test-1621,1
test-1622,1
test-1623,1
test-1624,1
test-1625,1
test-1626,1
test-1627,1
test-1628,1
test-1629,1
test-1630,1
test-1631,1
test-1632,1
test-1633,1
test-1634,1
test-1635,1
test-1636,1
test-1637,1
test-1638,1
test-1639,1
test-1640,1
test-1641,1
test-1642,1
test-1643,1
test-1644,1
test-1645,1
test-1646,1
test-1647,1
test-1648,1
test-1649,1
test-1650,1
test-1651,1
test-1652,1
test-1653,1
test-1654,1
test-1655,1
test-1656,1
test-1657,1
test-1658,1
test-1659,1
test-1660,1
test-1661,1
test-1662,1
test-1663,1
test-1664,1
test-1665,1
test-1666,1
test-1667,1
test-1668,1
test-1669,1
test-1670,1
test-1671,1
test-1672,1
test-1673,1
test-1674,1
test-1675,1
test-1676,1
test-1677,1
test-1678,1
test-1679,1
test-1680,1
test-1681,1
test-1682,1
test-1683,1
test-1684,1
test-1685,1
test-1686,1
test-1687,1
test-1688,1
test-1689,1
test-1690,1
test-1691,1
test-1692,1
test-1693,1
test-1694,1
test-1695,1
test-1696,1
test-1697,1
test-1698,1
test-1699,1
test-1700,1
test-1701,1
test-1702,1
test-1703,1
test-1704,1
test-1705,1
test-1706,1
test-1707,1
test-1708,1
test-1709,1
test-1710,1
test-1711,1
test-1712,1
test-1713,1
test-1714,1
test-1715,1
test-1716,1
test-1717,1
test-1718,1
test-1719,1
test-1720,1
test-1721,1
test-1722,1
test-1723,1
test-1724,1
test-1725,1
test-1726,1
test-1727,1
test-1728,1
test-1729,1
test-1730,1
test-1731,1
test-1732,1
test-1733,1
test-1734,1
test-1735,1
test-1736,1
test-1737,1
test-1738,1
test-1739,1
test-1740,1
test-1741,1
test-1742,1
test-1743,1
test-1744,1
test-1745,1
test-1746,1
test-1747,1
test-1748,1
test-1749,1
test-1750,1
test-1751,1
test-1752,1
test-1753,1
test-1754,1
test-1755,1
test-1756,1
test-1757,1
test-1758,1
test-1759,1
test-1760,1
test-1761,1
test-1762,1
test-1763,1
test-1764,1
test-1765,1
test-1766,1
test-1767,1
test-1768,1
test-1769,1
test-1770,1
test-1771,1
test-1772,1
test-1773,1
test-1774,1
test-1775,1
test-1776,1
test-1777,1
test-1778,1
test-1779,1
test-1780,1
test-1781,1
test-1782,1
test-1783,1
test-1784,1
test-1785,1
test-1786,1
test-1787,1
test-1788,1
test-1789,1
test-1790,1
test-1791,1
test-1792,1
test-1793,1
test-1794,1
test-1795,1
test-1796,1
test-1797,1
test-1798,1
test-1799,1
test-1800,1
test-1801,1
test-1802,1
test-1803,1
test-1804,1
test-1805,1
test-1806,1
test-1807,1
test-1808,1
test-1809,1
test-1810,1
test-1811,1
test-1812,1
test-1813,1
test-1814,1
test-1815,1
test-1816,1
test-1817,1
test-1818,1
test-1819,1
test-1820,1
test-1821,1
test-1822,1
test-1823,1
test-1824,1
test-1825,1
test-1826,1
test-1827,1
test-1828,1
test-1829,1
test-1830,1
test-1831,1
test-1832,1
test-1833,1
test-1834,1
test-1835,1
test-1836,1
test-1837,1
test-1838,1
test-1839,1
test-1840,1
test-1841,1
test-1842,1
test-1843,1
test-1844,1
test-1845,1
test-1846,1
test-1847,1
test-1848,1
test-1849,1
test-1850,1
test-1851,1
test-1852,1
test-1853,1
test-1854,1
test-1855,1
test-1856,1
test-1857,1
test-1858,1
test-1859,1
test-1860,1
test-1861,1
test-1862,1
test-1863,1
test-1864,1
test-1865,1
test-1866,1
test-1867,1
test-1868,1
test-1869,1
test-1870,1
test-1871,1
test-1872,1
test-1873,1
test-1874,1
test-1875,1
test-1876,1
test-1877,1
test-1878,1
test-1879,1
test-1880,1
test-1881,1
test-1882,1
test-1883,1
test-1884,1
test-1885,1
test-1886,1
test-1887,1
test-1888,1
test-1889,1
test-1890,1
test-1891,1
test-1892,1
test-1893,1
test-1894,1
test-1895,1
test-1896,1
test-1897,1
test-1898,1
test-1899,1
test-1900,1
test-1901,1
test-1902,1
test-1903,1
test-1904,1
test-1905,1
test-1906,1
test-1907,1
test-1908,1
test-1909,1
test-1910,1
test-1911,1
test-1912,1
test-1913,1
test-1914,1
test-1915,1
test-1916,1
test-1917,1
test-1918,1
test-1919,1
test-1920,1
test-1921,1
test-1922,1
test-1923,1
test-1924,1
test-1925,1
test-1926,1
test-1927,1
test-1928,1
test-1929,1
test-1930,1
test-1931,1
test-1932,1
test-1933,1
test-1934,1
test-1935,1
test-1936,1
test-1937,1
test-1938,1
test-1939,1
test-1940,1
test-1941,1
test-1942,1
test-1943,1
test-1944,1
test-1945,1
test-1946,1
test-1947,1
test-1948,1
test-1949,1
test-1950,1
test-1951,1
test-1952,1
test-1953,1
test-1954,1
test-1955,1
test-1956,1
test-1957,1
test-1958,1
test-1959,1
test-1960,1
test-1961,1
test-1962,1
test-1963,1
test-1964,1
test-1965,1
test-1966,1
test-1967,1
test-1968,1
test-1969,1
test-1970,1
test-1971,1
test-1972,1
test-1973,1
test-1974,1
test-1975,1
test-1976,1
test-1977,1
test-1978,1
test-1979,1
test-1980,1
test-1981,1
test-1982,1
test-1983,1
test-1984,1
test-1985,1
test-1986,1
test-1987,1
test-1988,1
test-1989,1
test-1990,1
test-1991,1
test-1992,1
test-1993,1
test-1994,1
test-1995,1
test-1996,1
test-1997,1
test-1998,1
test-1999,1
test-2000,1
test-2001,1
test-2002,1
test-2003,1
test-2004,1
test-2005,1
test-2006,1
test-2007,1
test-2008,1
test-2009,1
test-2010,1
test-2011,1
test-2012,1
test-2013,1
test-2014,1
test-2015,1
test-2016,1
test-2017,1
test-2018,1
test-2019,1
test-2020,1
test-2021,1
test-2022,1
test-2023,1
test-2024,1
test-2025,1
test-2026,1
test-2027,1
test-2028,1
test-2029,1
test-2030,1
test-2031,1
test-2032,1
test-2033,1
test-2034,1
test-2035,1
test-2036,1
test-2037,1
test-2038,1
test-2039,1
test-2040,1
test-2041,1
test-2042,1
test-2043,1
test-2044,1
test-2045,1
test-2046,1
test-2047,1
test-2048,1
test-2049,1
test-2050,1
test-2051,1
test-2052,1
test-2053,1
test-2054,1
test-2055,1
test-2056,1
test-2057,1
test-2058,1
test-2059,1
test-2060,1
test-2061,1
test-2062,1
test-2063,1
test-2064,1
test-2065,1
test-2066,1
test-2067,1
test-2068,1
test-2069,1
test-2070,1
test-2071,1
test-2072,1
test-2073,1
test-2074,1
test-2075,1
test-2076,1
test-2077,1
test-2078,1
test-2079,1
test-2080,1
test-2081,1
test-2082,1
test-2083,1
test-2084,1
test-2085,1
test-2086,1
test-2087,1
test-2088,1
test-2089,1
test-2090,1
test-2091,1
test-2092,1
test-2093,1
test-2094,1
test-2095,1
test-2096,1
test-2097,1
test-2098,1
test-2099,1
test-2100,1
test-2101,1
test-2102,1
test-2103,1
test-2104,1
test-2105,1
test-2106,1
test-2107,1
test-2108,1
test-2109,1
test-2110,1
test-2111,1
test-2112,1
test-2113,1
test-2114,1
test-2115,1
test-2116,1
test-2117,1
test-2118,1
test-2119,1
test-2120,1
test-2121,1
test-2122,1
test-2123,1
test-2124,1
test-2125,1
test-2126,1
test-2127,1
test-2128,1
test-2129,1
test-2130,1
